<?xml version="1.0"?>
<data grt_format="2.0">
  <value _ptr_="06140B88" type="list" content-type="object" content-struct-name="db.mgmt.ServerInstance">
    <value type="object" struct-name="db.mgmt.ServerInstance" id="{28301D9B-8FBF-4CBA-8521-1F3EF90F3D5E}" struct-checksum="0x367436e2">
      <link type="object" struct-name="db.mgmt.Connection" key="connection">{AEDED53A-A415-4A82-B0AD-E283BB0F15E9}</link>
      <value _ptr_="0A743E88" type="dict" key="loginInfo"/>
      <value _ptr_="0A743DC8" type="dict" key="serverInfo">
        <value type="int" key="setupPending">1</value>
      </value>
      <value type="string" key="name"></value>
      <link type="object" struct-name="GrtObject" key="owner">{803CEC25-F6CB-4D95-8E3A-144BCB671234}</link>
    </value>
  </value>
</data>
